Workbook

Sheet Summary
A1: SEO Keyword Strategy - fridgerepairparramatta.com.au
A2: Research date: 16 Oct 2026 | Data: Semrush AU database | Keyword filter: KD 0-20, commercial/transactional first
A4: Key numbers
A5: Keywords in the list (KD 0-20) | B5: =COUNTA('Keyword List'!A2:A257) -> 256
A6: of which Commercial / Transactional ("Money") | B6: =COUNTIF('Keyword List'!I2:I257,"Money") -> 170
A7: of which Informational only ("Support", for blog/FAQ) | B7: =COUNTIF('Keyword List'!I2:I257,"Support") -> 86
A8: Average KD of the list | B8: =AVERAGE('Keyword List'!D2:D257) -> 10.925781
A9: Keywords with KD <= 10 | B9: =COUNTIF('Keyword List'!D2:D257,"<=10") -> 121
A10: Pages in plan | B10: =COUNTA('Page Plan'!A2:A33) -> 32
A11: Existing pages to optimise | B11: =COUNTIF('Page Plan'!G2:G33,"Optimise*") -> 9
A12: New pages to create | B12: =COUNTIF('Page Plan'!G2:G33,"Create*") -> 23
A13: New pages that are conditional (check service area) | B13: =COUNTIF('Page Plan'!G2:G33,"*conditional*") -> 1
A14: Competitors analysed | B14: =COUNTA(Competitors!B2:B12) -> 11
A15: Your current Semrush organic keywords | B15: 9 | C15: Source: Semrush Domain Overview (hard-coded input)
A17: Pages by action
A18: Page type | B18: Pages | C18: Total keyword volume
A19: Core (money) | B19: =COUNTIF('Page Plan'!$F$2:$F$33,A19) -> 3 | C19: =SUMIF('Page Plan'!$F$2:$F$33,A19,'Page Plan'!$K$2:$K$33) -> 13970
A20: Hub | B20: =COUNTIF('Page Plan'!$F$2:$F$33,A20) -> 3 | C20: =SUMIF('Page Plan'!$F$2:$F$33,A20,'Page Plan'!$K$2:$K$33) -> 1900
A21: Service (money) | B21: =COUNTIF('Page Plan'!$F$2:$F$33,A21) -> 6 | C21: =SUMIF('Page Plan'!$F$2:$F$33,A21,'Page Plan'!$K$2:$K$33) -> 12500
A22: Commercial (money) | B22: =COUNTIF('Page Plan'!$F$2:$F$33,A22) -> 4 | C22: =SUMIF('Page Plan'!$F$2:$F$33,A22,'Page Plan'!$K$2:$K$33) -> 9920
A23: Brand (money) | B23: =COUNTIF('Page Plan'!$F$2:$F$33,A23) -> 8 | C23: =SUMIF('Page Plan'!$F$2:$F$33,A23,'Page Plan'!$K$2:$K$33) -> 17180
A24: Suburb (money) | B24: =COUNTIF('Page Plan'!$F$2:$F$33,A24) -> 1 | C24: =SUMIF('Page Plan'!$F$2:$F$33,A24,'Page Plan'!$K$2:$K$33) -> 180
A25: Regional hub (money) | B25: =COUNTIF('Page Plan'!$F$2:$F$33,A25) -> 2 | C25: =SUMIF('Page Plan'!$F$2:$F$33,A25,'Page Plan'!$K$2:$K$33) -> 1290
A26: Blog (info) | B26: =COUNTIF('Page Plan'!$F$2:$F$33,A26) -> 5 | C26: =SUMIF('Page Plan'!$F$2:$F$33,A26,'Page Plan'!$K$2:$K$33) -> 3220
A28: What to do first (priority order)
A29: 1. Fix basics on live site: add phone number + tel: links, match NAP with Google Business Profile.
A30: 2. Optimise the 7 live money pages (HOME, SERV-HUB, NOTCOOL, REGAS, COST, EMERG, BRANDS) with the titles/H1s/keywords in Page Plan.
A31: 3. Build the commercial cluster first: COMM-FRIDGE, COOLROOM, COMM-FREEZER, ICE - highest volume with low KD and few Sydney rivals who have dedicated pages.
A32: 4. Build SEAL (door seal) and FREEZER - biggest un-served residential volume.
A33: 5. Build the 8 brand pages in order: Samsung, LG, Westinghouse, Fisher & Paykel, then Electrolux, Haier, Hisense, Miele.
A34: 6. Add /areas hub, Blacktown and Hills District pages. Western Sydney page only if you actually service those suburbs.
A35: 7. Write the 3 new blog posts after core pages are live (leaking water first).
A36: 8. Track the keywords in Semrush Position Tracking (AU, Parramatta) - Keyword List sheet is ready to import.
A38: Important notes and limits
A39: Volumes and KD are Semrush estimates for Australia as a whole, not Parramatta only. Local searches ("near me", suburb) are won mainly with the homepage, Google Business Profile and reviews.
A40: Semrush showed no volume for most hyper-local phrases (e.g. "fridge repair parramatta" singular). Local pages are therefore justified by conversion value, not search volume. "fridge repairs parramatta" (140 vol, KD 5) is the exception.
... A44: The earlier 8-week file is not replaced: its Technical, GBP, Citations and KPI tabs still apply. See "Old Plan Review" for what changes.

Sheet Page Plan
A1: Page ID | B1: Phase | C1: Priority | D1: Page name | E1: URL | F1: Page type | G1: Action | H1: Primary keyword | I1: Primary kw volume | J1: # keywords | K1: Total volume | L1: Avg KD | M1: Title tag (<=60) | N1: Title chars | O1: Meta description (<=155) | P1: Meta chars | Q1: H1 | R1: Notes / what to build | S1: Competitor benchmark | T1: Status
A2: HOME | B2: Wk 1-2 | C2: P1 | D2: Homepage | E2: / | F2: Core (money) | G2: Optimise existing | H2: fridge repairs near me | I2: =IF(H2="",0,SUMIFS('Keyword List'!$C$2:$C$257,'Keyword List'!$A$2:$A$257,H2)) -> 2400 | J2: =COUNTIF('Keyword List'!$E$2:$E$257,A2) -> 25 | K2: =SUMIF('Keyword List'!$E$2:$E$257,A2,'Keyword List'!$C$2:$C$257) -> 12440 | L2: =IFERROR(AVERAGEIF('Keyword List'!$E$2:$E$257,A2,'Keyword List'!$D$2:$D$257),0) -> 12.56 | M2: Fridge Repair Parramatta | Same-Day Fridge Technicians | N2: =LEN(M2) -> 54 | O2: Fridge repairs in Parramatta & Western Sydney. Same-day service, free quotes, 1-year workmanship warranty, 24/7 emergency. Book online now. | P2: =LEN(O2) -> 139 | Q2: Fridge Repair Parramatta - Same-Day Technicians | R2: Homepage already ranks for 9 keywords. Put "fridge repairs parramatta" (140, KD 5) in title/H1/first 100 words and add the phone number (missing on site) in header + tel: links. Head terms like "fridge repairs near me" are won with homepage + Google Business Profile together. Link to every new money page from here. | S2: fastfridgerepairs.com.au, fridgerepairs.com.au, sydneyfridgerepair.com.au | T2: Optimise
A3: SERV-HUB | B3: Wk 1-2 | C3: P1 | D3: Services Hub | E3: /services | F3: Hub | G3: Optimise existing | H3: refrigerator repair and service | I3: =IF(H3="",0,SUMIFS('Keyword List'!$C$2:$C$257,'Keyword List'!$A$2:$A$257,H3)) -> 720 | J3: =COUNTIF('Keyword List'!$E$2:$E$257,A3) -> 7 | K3: =SUMIF('Keyword List'!$E$2:$E$257,A3,'Keyword List'!$C$2:$C$257) -> 1460 | L3: =IFERROR(AVERAGEIF('Keyword List'!$E$2:$E$257,A3,'Keyword List'!$D$2:$D$257),0) -> 12 | M3: Fridge & Refrigerator Repair Services Parramatta | N3: =LEN(M3) -> 48 | O3: All fridge, freezer, coolroom and ice machine repairs in Parramatta. Residential and commercial. Same-day visits, free quotes, 1-year warranty. | P3: =LEN(O3) -> 143 | Q3: Fridge & Refrigerator Repair Services in Parramatta | R3: Live page uses anchors (#commercial, #by-fault, #by-type) instead of real pages. Turn each anchor into a link to its own page (see Page Plan). Hub should list every service with 2-3 lines + link. | S3: fridgerepairs.com.au (single service-led homepage) | T3: Optimise
A4: NOTCOOL | B4: Wk 1-2 | C4: P1 | D4: Fridge Not Cooling Repair | E4: /fridge-not-cooling-repair | F4: Service (money) | G4: Optimise existing | H4: fridge not cold but freezer works | I4: =IF(H4="",0,SUMIFS('Keyword List'!$C$2:$C$257,'Keyword List'!$A$2:$A$257,H4)) -> 50 | J4: =COUNTIF('Keyword List'!$E$2:$E$257,A4) -> 2 | K4: =SUMIF('Keyword List'!$E$2:$E$257,A4,'Keyword List'!$C$2:$C$257) -> 100 | L4: =IFERROR(AVERAGEIF('Keyword List'!$E$2:$E$257,A4,'Keyword List'!$D$2:$D$257),0) -> 12 | M4: Fridge Not Cooling? Repair in Parramatta | Same Day | N4: =LEN(M4) -> 51 | O4: Fridge not cooling or not cold but freezer works? Our Parramatta technicians diagnose and fix it same day. Free quote, 1-year warranty. | P4: =LEN(O4) -> 135 | Q4: Fridge Not Cooling Repair in Parramatta | R4: Already live - keep the URL. Add symptom sections (light on but warm, freezer ok/fridge warm, compressor running), pricing range and FAQ. Pair with local modifier "parramatta" (not measured by Semrush but this is how people search). Informational keywords go to the blog post, not here. | S4: thefridgeguy.com.au /fridge-not-cold-but-freezer-ok/ (pos 2-3) | T4: Optimise
A5: REGAS | B5: Wk 1-2 | C5: P1 | D5: Fridge Regas & Gas Leak Repair | E5: /fridge-regas | F5: Service (money) | G5: Optimise existing | H5: fridge regas | I5: =IF(H5="",0,SUMIFS('Keyword List'!$C$2:$C$257,'Keyword List'!$A$2:$A$257,H5)) -> 210 | J5: =COUNTIF('Keyword List'!$E$2:$E$257,A5) -> 12 | K5: =SUMIF('Keyword List'!$E$2:$E$257,A5,'Keyword List'!$C$2:$C$257) -> 1530 | L5: =IFERROR(AVERAGEIF('Keyword List'!$E$2:$E$257,A5,'Keyword List'!$D$2:$D$257),0) -> 8.3333333 | M5: Fridge Regas Parramatta | Gas Refill & Leak Repair | N5: =LEN(M5) -> 50 | O5: Fridge regas and leak repair in Parramatta. R600a and R134a, leak test first, same-day service, transparent price and 1-year warranty. | P5: =LEN(O5) -> 134 | Q5: Fridge Regas & Gas Leak Repair in Parramatta | R5: Live page. Strong low-KD cluster (fridge regas KD 9, regas freezer KD 6, regas refrigerator KD 6). Add: why regassing alone is often not the fix, leak-test step, price range, freezer regas section. Copy the structure of fastfridgerepairs.com.au guide (ranks #1-5 for regas terms) but with a real booking CTA. | S5: fastfridgerepairs.com.au /fridge-gas-refill-sydney-guide/ (pos 1-8), sra.net.au /services/regas.html | T5: Optimise
A6: COST | B6: Wk 1-2 | C6: P1 | D6: Fridge Repair Cost Guide | E6: /fridge-repair-cost | F6: Core (money) | G6: Optimise existing | H6: fridge repair cost | I6: =IF(H6="",0,SUMIFS('Keyword List'!$C$2:$C$257,'Keyword List'!$A$2:$A$257,H6)) -> 170 | J6: =COUNTIF('Keyword List'!$E$2:$E$257,A6) -> 8 | K6: =SUMIF('Keyword List'!$E$2:$E$257,A6,'Keyword List'!$C$2:$C$257) -> 940 | L6: =IFERROR(AVERAGEIF('Keyword List'!$E$2:$E$257,A6,'Keyword List'!$D$2:$D$257),0) -> 9.5 | M6: Fridge Repair Cost in Parramatta | 2026 Price Guide | N6: =LEN(M6) -> 51 | O6: How much does fridge repair cost in Parramatta? Typical prices for regas, compressor, seals and thermostats plus free quote. Updated 2026. | P6: =LEN(O6) -> 138 | Q6: How Much Does Fridge Repair Cost in Parramatta? | R6: Live page. 8 price keywords, all KD 4-17. Add a price table by fault, call-out vs repair vs replace guidance, and a quote form. Link in from HOME, REGAS, SEAL, COMPRESSOR. | S6: thefridgeguy.com.au (pos 1-3 for fridge repair price/cost) | T6: Optimise
A7: EMERG | B7: Wk 1-2 | C7: P1 | D7: Emergency Fridge Repair 24/7 | E7: /emergency-fridge-repair | F7: Core (money) | G7: Optimise existing | H7: emergency commercial refrigeration repair | I7: =IF(H7="",0,SUMIFS('Keyword List'!$C$2:$C$257,'Keyword List'!$A$2:$A$257,H7)) -> 210 | J7: =COUNTIF('Keyword List'!$E$2:$E$257,A7) -> 6 | K7: =SUMIF('Keyword List'!$E$2:$E$257,A7,'Keyword List'!$C$2:$C$257) -> 590 | L7: =IFERROR(AVERAGEIF('Keyword List'!$E$2:$E$257,A7,'Keyword List'!$D$2:$D$257),0) -> 9 | M7: 24/7 Emergency Fridge Repair Parramatta | Same Day | N7: =LEN(M7) -> 50 | O7: 24/7 emergency fridge, freezer and coolroom repair in Parramatta. Fast dispatch, stocked vans, free quote. Book online or call now. | P7: =LEN(O7) -> 131 | Q7: 24/7 Emergency Fridge & Coolroom Repair in Parramatta | R7: Live page. Add commercial emergency angle (210 vol, KD 5) - restaurants, cafes, medical fridges, stock-loss risk. Add phone number prominently. | S7: commercialfridgerepairs.com.au, jdrgrp.com.au (commercial breakdown pages) | T7: Optimise
A8: BRANDS | B8: Wk 3-4 | C8: P2 | D8: Brands Hub | E8: /brands | F8: Hub | G8: Optimise existing | H8: maytag fridge repairs | I8: =IF(H8="",0,SUMIFS('Keyword List'!$C$2:$C$257,'Keyword List'!$A$2:$A$257,H8)) -> 110 | J8: =COUNTIF('Keyword List'!$E$2:$E$257,A8) -> 6 | K8: =SUMIF('Keyword List'!$E$2:$E$257,A8,'Keyword List'!$C$2:$C$257) -> 440 | L8: =IFERROR(AVERAGEIF('Keyword List'!$E$2:$E$257,A8,'Keyword List'!$D$2:$D$257),0) -> 5.8333333 | M8: Fridge Brands We Repair in Parramatta | All Major Brands | N8: =LEN(M8) -> 56 | O8: We repair Samsung, LG, Westinghouse, Fisher & Paykel, Electrolux, Haier, Hisense, Miele and more in Parramatta. Same-day service. | P8: =LEN(O8) -> 129 | Q8: Fridge Brands We Repair in Parramatta | R8: Live page lists ~50 brands. Make each major brand a link to its own page (below). Smaller brands (Bosch, CHiQ, Maytag, Amana, GE) stay as sections here - volume is 50-110 each. Confirm you actually service US brands before targeting them. | S8: sydneyfridgerepair.com.au /brands/ (LG, Samsung, GE pages) | T8: Optimise
A9: B-NOTCOOL | B9: Wk 3-4 | C9: P2 | D9: Blog: Fridge Not Cooling - Causes | E9: /blog-fridge-not-cooling-causes | F9: Blog (info) | G9: Optimise existing | H9: fridge not cooling | I9: =IF(H9="",0,SUMIFS('Keyword List'!$C$2:$C$257,'Keyword List'!$A$2:$A$257,H9)) -> 390 | J9: =COUNTIF('Keyword List'!$E$2:$E$257,A9) -> 11 | K9: =SUMIF('Keyword List'!$E$2:$E$257,A9,'Keyword List'!$C$2:$C$257) -> 1650 | L9: =IFERROR(AVERAGEIF('Keyword List'!$E$2:$E$257,A9,'Keyword List'!$D$2:$D$257),0) -> 13.636364 | M9: Fridge Not Cooling? 7 Common Causes & Fixes | N9: =LEN(M9) -> 43 | O9: Fridge not cooling or not cold enough? 7 common causes, what you can check yourself, and when to call a Parramatta technician. | P9: =LEN(O9) -> 126 | Q9: Fridge Not Cooling? 7 Causes and How to Fix Them | R9: Live blog (URL pattern is /blog-xxx, different from the old plan). Best informational cluster found: 11 keywords, 390 top volume, KD 7-19. Use each question as an H2 and link to NOTCOOL service page. | S9: thefridgeguy.com.au (pos 2-3 for fridge not cooling/cold) | T9: Optimise
A10: B-SUMMER | B10: Wk 5-6 | C10: P3 | D10: Blog: Summer Fridge Maintenance | E10: /blog-summer-fridge-maintenance-tips | F10: Blog (info) | G10: Optimise existing | H10: fridge maintenance | I10: =IF(H10="",0,SUMIFS('Keyword List'!$C$2:$C$257,'Keyword List'!$A$2:$A$257,H10)) -> 110 | J10: =COUNTIF('Keyword List'!$E$2:$E$257,A10) -> 1 | K10: =SUMIF('Keyword List'!$E$2:$E$257,A10,'Keyword List'!$C$2:$C$257) -> 110 | L10: =IFERROR(AVERAGEIF('Keyword List'!$E$2:$E$257,A10,'Keyword List'!$D$2:$D$257),0) -> 7 | M10: Fridge Maintenance Tips for Australian Summer | N10: =LEN(M10) -> 45 | O10: Simple fridge maintenance tips for hot Sydney summers: clean coils, check seals, set temperatures and avoid breakdowns. | P10: =LEN(O10) -> 119 | Q10: Summer Fridge Maintenance Tips for Sydney Homes | R10: Live blog. One measured keyword (fridge maintenance 110, KD 7). Keep, refresh, link to SEAL and SERV-HUB. | S10: thefridgeguy.com.au (pos 1 for fridge maintenance) | T10: Optimise
A11: FREEZER | B11: Wk 1-2 | C11: P1 | D11: Freezer Repair | E11: /services/freezer-repair | F11: Service (money) | G11: Create new | H11: freezer repair | I11: =IF(H11="",0,SUMIFS('Keyword List'!$C$2:$C$257,'Keyword List'!$A$2:$A$257,H11)) -> 480 | J11: =COUNTIF('Keyword List'!$E$2:$E$257,A11) -> 10 | K11: =SUMIF('Keyword List'!$E$2:$E$257,A11,'Keyword List'!$C$2:$C$257) -> 1740 | L11: =IFERROR(AVERAGEIF('Keyword List'!$E$2:$E$257,A11,'Keyword List'!$D$2:$D$257),0) -> 13.1 | M11: Freezer Repair Parramatta | Upright & Chest Freezers | N11: =LEN(M11) -> 52 | O11: Freezer repair in Parramatta: upright, chest and fridge-freezer units. Same-day visits, free quote, 1-year warranty. | P11: =LEN(O11) -> 116 | Q11: Freezer Repair in Parramatta | R11: Live site only has an anchor (#by-type). 10 keywords, KD 7-19, top term "freezer repair" 480 (KD 7). Include fridge-freezer, chest and upright sections, "not freezing" symptoms, regas link. | S11: fridgerepairs.com.au (pos 1 for freezer repair), fridgerepairs.net.au (pos 6) | T11: To do
A12: COMM-FRIDGE | B12: Wk 1-2 | C12: P1 | D12: Commercial Fridge & Refrigeration Repair (hub) | E12: /commercial/commercial-refrigeration-repair | F12: Commercial (money) | G12: Create new | H12: commercial refrigeration repair | I12: =IF(H12="",0,SUMIFS('Keyword List'!$C$2:$C$257,'Keyword List'!$A$2:$A$257,H12)) -> 720 | J12: =COUNTIF('Keyword List'!$E$2:$E$257,A12) -> 27 | K12: =SUMIF('Keyword List'!$E$2:$E$257,A12,'Keyword List'!$C$2:$C$257) -> 5370 | L12: =IFERROR(AVERAGEIF('Keyword List'!$E$2:$E$257,A12,'Keyword List'!$D$2:$D$257),0) -> 12.148148 | M12: Commercial Refrigeration Repair Parramatta | 24/7 | N12: =LEN(M12) -> 49 | O12: Commercial fridge and refrigeration repair in Parramatta and Western Sydney. Restaurants, cafes, hotels, medical. Fast response, free quote. | P12: =LEN(O12) -> 140 | Q12: Commercial Refrigeration Repair in Parramatta | R12: Biggest commercial opportunity: 26 keywords, 7 with 390+ volume, KD 5-19. Live site only has an anchor (#commercial). Include display/bar/under-bench fridges as sections (display fridge repair = only 50, so no separate page), industries served, maintenance plans, emergency CTA, links to freezer/coolroom/ice pages. | S12: commercialfridgerepairs.com.au, jdrgrp.com.au /commercial-refrigeration-sydney/repairs/, comref.com.au, instachill.com.au /fridge-repairs/ | T12: To do
A13: COMM-FREEZER | B13: Wk 3-4 | C13: P1 | D13: Commercial Freezer Repair | E13: /commercial/commercial-freezer-repair | F13: Commercial (money) | G13: Create new | H13: commercial freezer repair | I13: =IF(H13="",0,SUMIFS('Keyword List'!$C$2:$C$257,'Keyword List'!$A$2:$A$257,H13)) -> 590 | J13: =COUNTIF('Keyword List'!$E$2:$E$257,A13) -> 6 | K13: =SUMIF('Keyword List'!$E$2:$E$257,A13,'Keyword List'!$C$2:$C$257) -> 1220 | L13: =IFERROR(AVERAGEIF('Keyword List'!$E$2:$E$257,A13,'Keyword List'!$D$2:$D$257),0) -> 8.6666667 | M13: Commercial Freezer Repair Parramatta | Same Day | N13: =LEN(M13) -> 47 | O13: Commercial freezer repair and service in Parramatta: upright, chest, blast and display freezers. 24/7 emergency, free quote. | P13: =LEN(O13) -> 124 | Q13: Commercial Freezer Repair in Parramatta | R13: "commercial freezer repair" = 590 vol, KD 10, one of the best money keywords found. Separate page so it does not compete with the refrigeration hub. | S13: comref.com.au (pos 1-2), instachill.com.au (pos 3), arcus.com.au (pos 4) | T13: To do
... A26: BR-MIELE | B26: Wk 7-8 | C26: P3 | D26: Miele Fridge Repair | E26: /brands/miele-fridge-repair | F26: Brand (money) | G26: Create new | H26: miele fridge repair | I26: =IF(H26="",0,SUMIFS('Keyword List'!$C$2:$C$257,'Keyword List'!$A$2:$A$257,H26)) -> 480 | J26: =COUNTIF('Keyword List'!$E$2:$E$257,A26) -> 1 | K26: =SUMIF('Keyword List'!$E$2:$E$257,A26,'Keyword List'!$C$2:$C$257) -> 480 | L26: =IFERROR(AVERAGEIF('Keyword List'!$E$2:$E$257,A26,'Keyword List'!$D$2:$D$257),0) -> 14 | M26: Miele Fridge Repair Parramatta | Premium Appliance Care | N26: =LEN(M26) -> 55 | O26: Miele fridge and freezer repair in Parramatta. Built-in and freestanding. Careful diagnosis, same-day visits where available. | P26: =LEN(O26) -> 125 | Q26: Miele Fridge Repair in Parramatta | R26: 1 keyword, 480 vol, KD 14. Build only if you service Miele - most Miele searches are dishwashers/washers. | S26: None seen | T26: To do
A27: AREAS | B27: Wk 5-6 | C27: P2 | D27: Areas We Service (hub) | E27: /areas | F27: Hub | G27: Create new | I27: =IF(H27="",0,SUMIFS('Keyword List'!$C$2:$C$257,'Keyword List'!$A$2:$A$257,H27)) -> 0 | J27: =COUNTIF('Keyword List'!$E$2:$E$257,A27) -> 0 | K27: =SUMIF('Keyword List'!$E$2:$E$257,A27,'Keyword List'!$C$2:$C$257) -> 0 | L27: =IFERROR(AVERAGEIF('Keyword List'!$E$2:$E$257,A27,'Keyword List'!$D$2:$D$257),0) -> 0 | M27: Areas We Service | Fridge Repair Parramatta & Western Sydney | N27: =LEN(M27) -> 60 | O27: Fridge repair across Parramatta, Blacktown, Hills District, Granville, Merrylands, Westmead and 30+ suburbs. Same-day service. | P27: =LEN(O27) -> 126 | Q27: Fridge Repair Areas We Service Around Parramatta | R27: Live site only has a #suburbs anchor listing 30 suburbs. Create a real hub page with a suburb list and link to LOC pages. Semrush shows almost no measurable volume for individual small suburbs, so do not build 20+ thin suburb pages (see Old Plan Review). | S27: fastfridgerepairs.com.au (suburb pages: Parramatta, Castle Hill, Penrith, Richmond) | T27: To do
A28: LOC-BLACKTOWN | B28: Wk 5-6 | C28: P2 | D28: Fridge Repair Blacktown | E28: /areas/fridge-repair-blacktown | F28: Suburb (money) | G28: Create new | H28: fridge repairs blacktown | I28: =IF(H28="",0,SUMIFS('Keyword List'!$C$2:$C$257,'Keyword List'!$A$2:$A$257,H28)) -> 110 | J28: =COUNTIF('Keyword List'!$E$2:$E$257,A28) -> 2 | K28: =SUMIF('Keyword List'!$E$2:$E$257,A28,'Keyword List'!$C$2:$C$257) -> 180 | L28: =IFERROR(AVERAGEIF('Keyword List'!$E$2:$E$257,A28,'Keyword List'!$D$2:$D$257),0) -> 7 | M28: Fridge Repairs Blacktown | Same-Day Technicians | N28: =LEN(M28) -> 47 | O28: Fridge and appliance repairs in Blacktown. Same-day technicians from Parramatta, free quote, 1-year warranty. Book online. | P28: =LEN(O28) -> 122 | Q28: Fridge Repairs in Blacktown | R28: 2 keywords: "fridge repairs blacktown" 110 (KD 6), "appliance repairs blacktown" 70 (KD 8). Site already lists Blacktown as served. | S28: None seen in Semrush SERP sample | T28: To do
A29: LOC-HILLS | B29: Wk 5-6 | C29: P2 | D29: Fridge Repair Hills District | E29: /areas/fridge-repair-hills-district | F29: Regional hub (money) | G29: Create new | H29: appliance repairs hills district | I29: =IF(H29="",0,SUMIFS('Keyword List'!$C$2:$C$257,'Keyword List'!$A$2:$A$257,H29)) -> 260 | J29: =COUNTIF('Keyword List'!$E$2:$E$257,A29) -> 4 | K29: =SUMIF('Keyword List'!$E$2:$E$257,A29,'Keyword List'!$C$2:$C$257) -> 470 | L29: =IFERROR(AVERAGEIF('Keyword List'!$E$2:$E$257,A29,'Keyword List'!$D$2:$D$257),0) -> 4.25 | M29: Fridge Repairs Hills District | Castle Hill & Baulkham Hills | N29: =LEN(M29) -> 60 | O29: Fridge repairs across the Hills District: Castle Hill, Baulkham Hills, Kellyville, Winston Hills. Same-day service, free quote. | P29: =LEN(O29) -> 127 | Q29: Fridge Repairs in the Hills District | R29: 4 keywords: "appliance repairs hills district" 260 (KD 5), castle hill 70+70, baulkham hills 70. One regional page instead of separate suburb pages. | S29: fastfridgerepairs.com.au /fridge-repairs-castle-hill/ (pos 3-5), commercialfridgerepairs.com.au (pos 5) | T29: To do
A30: EXP-WSYD | B30: Wk 7-8 | C30: P3 | D30: Western Sydney (Penrith, Smithfield, St Marys...) | E30: /areas/fridge-repair-western-sydney | F30: Regional hub (money) | G30: Create new (conditional) | H30: fridge repairs smithfield | I30: =IF(H30="",0,SUMIFS('Keyword List'!$C$2:$C$257,'Keyword List'!$A$2:$A$257,H30)) -> 170 | J30: =COUNTIF('Keyword List'!$E$2:$E$257,A30) -> 11 | K30: =SUMIF('Keyword List'!$E$2:$E$257,A30,'Keyword List'!$C$2:$C$257) -> 820 | L30: =IFERROR(AVERAGEIF('Keyword List'!$E$2:$E$257,A30,'Keyword List'!$D$2:$D$257),0) -> 6.9090909 | M30: Fridge Repairs Western Sydney | Penrith & Smithfield | N30: =LEN(M30) -> 52 | O30: Fridge repairs across Western Sydney including Penrith, Smithfield, St Marys, Bankstown. Same-day service, free quote. | P30: =LEN(O30) -> 118 | Q30: Fridge Repairs in Western Sydney | R30: CONDITIONAL - only build if you really travel to these suburbs (not in your current 30-suburb list). 11 keywords, 50-170 vol each, KD 4-14: fastfridgerepairs.com.au already ranks #1 for Penrith. | S30: fastfridgerepairs.com.au /fridge-repairs-penrith/ (pos 1) | T30: To do
A31: B-LEAK | B31: Wk 5-6 | C31: P2 | D31: Blog: Why Is My Fridge Leaking Water? | E31: /blog/why-is-my-fridge-leaking-water | F31: Blog (info) | G31: Create new | H31: leaking water from fridge | I31: =IF(H31="",0,SUMIFS('Keyword List'!$C$2:$C$257,'Keyword List'!$A$2:$A$257,H31)) -> 260 | J31: =COUNTIF('Keyword List'!$E$2:$E$257,A31) -> 9 | K31: =SUMIF('Keyword List'!$E$2:$E$257,A31,'Keyword List'!$C$2:$C$257) -> 1060 | L31: =IFERROR(AVERAGEIF('Keyword List'!$E$2:$E$257,A31,'Keyword List'!$D$2:$D$257),0) -> 16.777778 | M31: Why Is My Fridge Leaking Water? 6 Causes & Fixes | N31: =LEN(M31) -> 48 | O31: Water leaking from your fridge? 6 common causes (drain blockage, door seal, water line) and when to call a technician in Parramatta. | P31: =LEN(O31) -> 132 | Q31: Why Is My Fridge Leaking Water? 6 Causes and Fixes | R31: 9 keywords, 260 top vol, KD 12-19. thefridgeguy.com.au ranks #1 with a single post - same format can compete. Link to a leaking-water repair CTA and fridge-repair-cost. | S31: thefridgeguy.com.au /why-is-my-fridge-leaking-water/ (pos 1) | T31: To do
A32: B-FREEZER | B32: Wk 7-8 | C32: P3 | D32: Blog: Freezer Not Freezing | E32: /blog/freezer-not-freezing | F32: Blog (info) | G32: Create new | H32: freezer not freezing | I32: =IF(H32="",0,SUMIFS('Keyword List'!$C$2:$C$257,'Keyword List'!$A$2:$A$257,H32)) -> 110 | J32: =COUNTIF('Keyword List'!$E$2:$E$257,A32) -> 2 | K32: =SUMIF('Keyword List'!$E$2:$E$257,A32,'Keyword List'!$C$2:$C$257) -> 160 | L32: =IFERROR(AVERAGEIF('Keyword List'!$E$2:$E$257,A32,'Keyword List'!$D$2:$D$257),0) -> 14 | M32: Freezer Not Freezing? Causes & Fixes | Parramatta | N32: =LEN(M32) -> 49 | O32: Freezer not freezing properly? Common causes - door seal, defrost heater, regas - and how to fix them or when to call a technician. | P32: =LEN(O32) -> 131 | Q32: Freezer Not Freezing? Causes and Fixes | R32: 2 keywords, 110 + 50. Small but it feeds FREEZER and REGAS internal links. | S32: sydneyfridgerepair.com.au | T32: To do
A33: B-NOISE | B33: Wk 7-8 | C33: P3 | D33: Blog: Fridge Making Noise | E33: /blog/fridge-making-noise | F33: Blog (info) | G33: Create new | H33: fridge making noise | I33: =IF(H33="",0,SUMIFS('Keyword List'!$C$2:$C$257,'Keyword List'!$A$2:$A$257,H33)) -> 90 | J33: =COUNTIF('Keyword List'!$E$2:$E$257,A33) -> 4 | K33: =SUMIF('Keyword List'!$E$2:$E$257,A33,'Keyword List'!$C$2:$C$257) -> 240 | L33: =IFERROR(AVERAGEIF('Keyword List'!$E$2:$E$257,A33,'Keyword List'!$D$2:$D$257),0) -> 15.75 | M33: Fridge Making Noise? Clicking, Buzzing & Humming Causes | N33: =LEN(M33) -> 55 | O33: Fridge making a clicking, buzzing or humming noise? Find out what each sound means and when it needs a repair in Parramatta. | P33: =LEN(O33) -> 124 | Q33: Fridge Making Noise? What Each Sound Means | R33: 4 keywords, 50-90 vol. Low volume - write after higher priority pages. | S33: None specific | T33: To do

Sheet Keyword List
A1: Keyword | B1: Search intent (Semrush) | C1: Volume (AU/mo) | D1: KD % | E1: Page ID | F1: Target URL | G1: Page action | H1: Role on page | I1: Money / Support
A2: fridge repairs near me | B2: Transactional | C2: 2400 | D2: 12 | E2: HOME | F2: =INDEX('Page Plan'!$E$2:$E$33,MATCH(E2,'Page Plan'!$A$2:$A$33,0)) -> / | G2: =INDEX('Page Plan'!$G$2:$G$33,MATCH(E2,'Page Plan'!$A$2:$A$33,0)) -> Optimise existing | H2: =IF(A2=INDEX('Page Plan'!$H$2:$H$33,MATCH(E2,'Page Plan'!$A$2:$A$33,0)),"Primary","Secondary") -> Primary | I2: =IF(ISNUMBER(SEARCH("Informational",B2)),IF(ISNUMBER(SEARCH("Commercial",B2)),"Money","Support"),"Money") -> Money
A3: fridge repairs | B3: Commercial | C3: 1600 | D3: 16 | E3: HOME | F3: =INDEX('Page Plan'!$E$2:$E$33,MATCH(E3,'Page Plan'!$A$2:$A$33,0)) -> / | G3: =INDEX('Page Plan'!$G$2:$G$33,MATCH(E3,'Page Plan'!$A$2:$A$33,0)) -> Optimise existing | H3: =IF(A3=INDEX('Page Plan'!$H$2:$H$33,MATCH(E3,'Page Plan'!$A$2:$A$33,0)),"Primary","Secondary") -> Secondary | I3: =IF(ISNUMBER(SEARCH("Informational",B3)),IF(ISNUMBER(SEARCH("Commercial",B3)),"Money","Support"),"Money") -> Money
A4: refrigerator repairs near me | B4: Transactional | C4: 1600 | D4: 17 | E4: HOME | F4: =INDEX('Page Plan'!$E$2:$E$33,MATCH(E4,'Page Plan'!$A$2:$A$33,0)) -> / | G4: =INDEX('Page Plan'!$G$2:$G$33,MATCH(E4,'Page Plan'!$A$2:$A$33,0)) -> Optimise existing | H4: =IF(A4=INDEX('Page Plan'!$H$2:$H$33,MATCH(E4,'Page Plan'!$A$2:$A$33,0)),"Primary","Secondary") -> Secondary | I4: =IF(ISNUMBER(SEARCH("Informational",B4)),IF(ISNUMBER(SEARCH("Commercial",B4)),"Money","Support"),"Money") -> Money
A5: fridge repair | B5: Commercial | C5: 1300 | D5: 14 | E5: HOME | F5: =INDEX('Page Plan'!$E$2:$E$33,MATCH(E5,'Page Plan'!$A$2:$A$33,0)) -> / | G5: =INDEX('Page Plan'!$G$2:$G$33,MATCH(E5,'Page Plan'!$A$2:$A$33,0)) -> Optimise existing | H5: =IF(A5=INDEX('Page Plan'!$H$2:$H$33,MATCH(E5,'Page Plan'!$A$2:$A$33,0)),"Primary","Secondary") -> Secondary | I5: =IF(ISNUMBER(SEARCH("Informational",B5)),IF(ISNUMBER(SEARCH("Commercial",B5)),"Money","Support"),"Money") -> Money
A6: refrigerator repair near me | B6: Transactional | C6: 880 | D6: 19 | E6: HOME | F6: =INDEX('Page Plan'!$E$2:$E$33,MATCH(E6,'Page Plan'!$A$2:$A$33,0)) -> / | G6: =INDEX('Page Plan'!$G$2:$G$33,MATCH(E6,'Page Plan'!$A$2:$A$33,0)) -> Optimise existing | H6: =IF(A6=INDEX('Page Plan'!$H$2:$H$33,MATCH(E6,'Page Plan'!$A$2:$A$33,0)),"Primary","Secondary") -> Secondary | I6: =IF(ISNUMBER(SEARCH("Informational",B6)),IF(ISNUMBER(SEARCH("Commercial",B6)),"Money","Support"),"Money") -> Money
A7: repair refrigerator service | B7: Commercial | C7: 720 | D7: 13 | E7: HOME | F7: =INDEX('Page Plan'!$E$2:$E$33,MATCH(E7,'Page Plan'!$A$2:$A$33,0)) -> / | G7: =INDEX('Page Plan'!$G$2:$G$33,MATCH(E7,'Page Plan'!$A$2:$A$33,0)) -> Optimise existing | H7: =IF(A7=INDEX('Page Plan'!$H$2:$H$33,MATCH(E7,'Page Plan'!$A$2:$A$33,0)),"Primary","Secondary") -> Secondary | I7: =IF(ISNUMBER(SEARCH("Informational",B7)),IF(ISNUMBER(SEARCH("Commercial",B7)),"Money","Support"),"Money") -> Money
A8: fridge service and repair | B8: Commercial | C8: 720 | D8: 15 | E8: HOME | F8: =INDEX('Page Plan'!$E$2:$E$33,MATCH(E8,'Page Plan'!$A$2:$A$33,0)) -> / | G8: =INDEX('Page Plan'!$G$2:$G$33,MATCH(E8,'Page Plan'!$A$2:$A$33,0)) -> Optimise existing | H8: =IF(A8=INDEX('Page Plan'!$H$2:$H$33,MATCH(E8,'Page Plan'!$A$2:$A$33,0)),"Primary","Secondary") -> Secondary | I8: =IF(ISNUMBER(SEARCH("Informational",B8)),IF(ISNUMBER(SEARCH("Commercial",B8)),"Money","Support"),"Money") -> Money
A9: refrigerator repair service | B9: Commercial | C9: 480 | D9: 18 | E9: HOME | F9: =INDEX('Page Plan'!$E$2:$E$33,MATCH(E9,'Page Plan'!$A$2:$A$33,0)) -> / | G9: =INDEX('Page Plan'!$G$2:$G$33,MATCH(E9,'Page Plan'!$A$2:$A$33,0)) -> Optimise existing | H9: =IF(A9=INDEX('Page Plan'!$H$2:$H$33,MATCH(E9,'Page Plan'!$A$2:$A$33,0)),"Primary","Secondary") -> Secondary | I9: =IF(ISNUMBER(SEARCH("Informational",B9)),IF(ISNUMBER(SEARCH("Commercial",B9)),"Money","Support"),"Money") -> Money
A10: refrigerator mechanic near me | B10: Transactional | C10: 480 | D10: 8 | E10: HOME | F10: =INDEX('Page Plan'!$E$2:$E$33,MATCH(E10,'Page Plan'!$A$2:$A$33,0)) -> / | G10: =INDEX('Page Plan'!$G$2:$G$33,MATCH(E10,'Page Plan'!$A$2:$A$33,0)) -> Optimise existing | H10: =IF(A10=INDEX('Page Plan'!$H$2:$H$33,MATCH(E10,'Page Plan'!$A$2:$A$33,0)),"Primary","Secondary") -> Secondary | I10: =IF(ISNUMBER(SEARCH("Informational",B10)),IF(ISNUMBER(SEARCH("Commercial",B10)),"Money","Support"),"Money") -> Money
A11: fridge technician near me | B11: Transactional | C11: 320 | D11: 16 | E11: HOME | F11: =INDEX('Page Plan'!$E$2:$E$33,MATCH(E11,'Page Plan'!$A$2:$A$33,0)) -> / | G11: =INDEX('Page Plan'!$G$2:$G$33,MATCH(E11,'Page Plan'!$A$2:$A$33,0)) -> Optimise existing | H11: =IF(A11=INDEX('Page Plan'!$H$2:$H$33,MATCH(E11,'Page Plan'!$A$2:$A$33,0)),"Primary","Secondary") -> Secondary | I11: =IF(ISNUMBER(SEARCH("Informational",B11)),IF(ISNUMBER(SEARCH("Commercial",B11)),"Money","Support"),"Money") -> Money
A12: fridge mechanic | B12: Commercial | C12: 260 | D12: 10 | E12: HOME | F12: =INDEX('Page Plan'!$E$2:$E$33,MATCH(E12,'Page Plan'!$A$2:$A$33,0)) -> / | G12: =INDEX('Page Plan'!$G$2:$G$33,MATCH(E12,'Page Plan'!$A$2:$A$33,0)) -> Optimise existing | H12: =IF(A12=INDEX('Page Plan'!$H$2:$H$33,MATCH(E12,'Page Plan'!$A$2:$A$33,0)),"Primary","Secondary") -> Secondary | I12: =IF(ISNUMBER(SEARCH("Informational",B12)),IF(ISNUMBER(SEARCH("Commercial",B12)),"Money","Support"),"Money") -> Money
A13: repair fridges | B13: Commercial | C13: 210 | D13: 19 | E13: HOME | F13: =INDEX('Page Plan'!$E$2:$E$33,MATCH(E13,'Page Plan'!$A$2:$A$33,0)) -> / | G13: =INDEX('Page Plan'!$G$2:$G$33,MATCH(E13,'Page Plan'!$A$2:$A$33,0)) -> Optimise existing | H13: =IF(A13=INDEX('Page Plan'!$H$2:$H$33,MATCH(E13,'Page Plan'!$A$2:$A$33,0)),"Primary","Secondary") -> Secondary | I13: =IF(ISNUMBER(SEARCH("Informational",B13)),IF(ISNUMBER(SEARCH("Commercial",B13)),"Money","Support"),"Money") -> Money
... A257: noise in the fridge | B257: Informational | C257: 50 | D257: 18 | E257: B-NOISE | F257: =INDEX('Page Plan'!$E$2:$E$33,MATCH(E257,'Page Plan'!$A$2:$A$33,0)) -> /blog/fridge-making-noise | G257: =INDEX('Page Plan'!$G$2:$G$33,MATCH(E257,'Page Plan'!$A$2:$A$33,0)) -> Create new | H257: =IF(A257=INDEX('Page Plan'!$H$2:$H$33,MATCH(E257,'Page Plan'!$A$2:$A$33,0)),"Primary","Secondary") -> Secondary | I257: =IF(ISNUMBER(SEARCH("Informational",B257)),IF(ISNUMBER(SEARCH("Commercial",B257)),"Money","Support"),"Money") -> Support
A259: Source: Semrush Keyword Magic Tool + Organic Research, AU database, pulled 16 Oct 2026. Filter: KD 0-20, volume >= 10 (most >= 50). Volumes are Semrush estimates. Intent labels are Semrush's (a keyword can have two). "Support" = informational only (blog / FAQ content).

Sheet Competitors
A1: # | B1: Competitor domain | C1: Focus / location (from SERP & keywords) | D1: Authority Score (SERP table) | E1: Organic keywords | F1: Est. organic traffic / mo | G1: Where it beats you | H1: Pages worth studying | I1: Threat to you
A2: 1 | B2: fastfridgerepairs.com.au | C2: Sydney - residential, suburb pages | D2: 16 | E2: 730 | F2: 236 | G2: Dedicated suburb pages (Parramatta pos 2, Penrith pos 1, Castle Hill, Richmond), regas guide, Westinghouse/Hisense pages, coolroom page. | H2: /fridge-repairs-parramatta/, /fridge-gas-refill-sydney-guide/, /westinghouse-fridge-repairs/, /commercial-coolroom-repairs-sydney/ | I2: HIGH - direct local rival
A3: 2 | B3: sydneyfridgerepair.com.au | C3: Sydney - residential | D3: 10 | E3: 254 | F3: 713 | G3: Homepage ranks #1 for "fridge repair near me" and "fix fridge near me"; brand pages (LG, Samsung, GE). | H3: / (homepage), /brands/lg-fridge-repair/, /brands/samsung-fridge-repair/ | I3: HIGH
A4: 3 | B4: fridgerepairs.com.au | C4: Sydney - residential + refrigeration | D4: 10 | E4: 256 | F4: 1500 | G4: #1 for fridge repairs, freezer repair, refrigerator repair service, refigerator typos. Homepage-driven. | H4: / (single homepage ranks for ~50 terms) | I4: HIGH
A5: 4 | B5: jdrgrp.com.au | C5: Sydney - commercial refrigeration + HVAC + electrical | D5: 15 | E5: 296 | F5: 378 | G5: Commercial pages rank for coolroom, ice machine, commercial repair (pos 1-9). | H5: /commercial-refrigeration-sydney/repairs/, /commercial-ice-machines/, /commercial-coolroom/, /penrith/ | I5: MEDIUM - commercial
A6: 5 | B6: commercialfridgerepairs.com.au | C6: Sydney - commercial | D6: 17 | E6: 406 | F6: 352 | G6: Homepage pos 1-5 for commercial fridge repair terms; suburb pages (Wetherill Park, Camperdown, Bondi, Balmain, Bankstown); blog. | H6: / (homepage), /fridge-repairs-wetherill-park/, /coolroom/ | I6: MEDIUM - commercial
A7: 6 | B7: thefridgeguy.com.au | C7: Melbourne - residential (benchmark) | D7: 11 | E7: 749 | F7: 1500 | G7: Blog + service pages: #1 for leaking water, pos 2-3 for fridge not cooling/cold, fridge repair price/cost. | H7: /why-is-my-fridge-leaking-water/, /fridge-not-cold-but-freezer-ok/, /samsung-fridge-repair/ | I7: LOW - Melbourne, but best content model
A8: 7 | B8: comref.com.au | C8: Melbourne - commercial (benchmark) | D8: 11 | E8: 197 | F8: 1400 | G8: Pos 1-7 for commercial refrigeration/freezer terms with one homepage + coolroom page. | H8: / , /coolroom-repair-service, /glycol-system-repairs | I8: LOW - Melbourne, commercial model
A9: 8 | B9: instachill.com.au | C9: Gold Coast - commercial refrigeration/AC (benchmark) | D9: 10 | E9: 200 | F9: 515 | G9: One /fridge-repairs/ page ranks pos 1-3 for commercial fridge repair, freezer repair, breakdown service. | H9: /fridge-repairs/, /cool-room-builder/ | I9: LOW - interstate; shows one strong page can win
A10: 9 | B10: sra.net.au | C10: Perth - commercial (benchmark) | D10: 9 | E10: 200 | F10: 221 | G10: Separate pages per service: coolroom, ice machine, regas, display fridge, vending. | H10: /commercial-refrigeration/coolroom/repairs.html, /commercial-refrigeration/ice-machine.html, /services/regas.html | I10: LOW - site-structure model
A11: 10 | B11: fridgerepairs.net.au | C11: Melbourne - residential (benchmark) | D11: 9 | E11: 483 | F11: 647 | G11: Suburb-heavy network of local pages (Glen Waverley, Hampton Park, Toorak...). | H11: Suburb pages | I11: LOW - Melbourne
A12: 11 | B12: arcus.com.au | C12: Perth - commercial equipment retailer + service | D12: 21 | E12: 1700 | F12: 1900 | G12: Large product catalogue (ice machines, fridges); service page pos 3-9 for commercial freezer/fridge repair. | H12: /refrigeration-service/ | I12: LOW - retailer
B13: fridgerepairparramatta.com.au (YOU) | C13: Sydney - Parramatta | D13: n/a | E13: 9 | F13: 0 | G13: Semrush shows 9 organic keywords, ~0 traffic, 0 backlinks / referring domains.
B15: Average authority score of the 11 competitors | D15: =AVERAGE(D2:D12) -> 12.636364
B16: Notes
B17: Selection: competitors were taken from Semrush SERP tables for 9 money keywords (fridge repairs, fridge repair near me, commercial fridge repair, coolroom repairs, freezer repair, fridge regas, ice machine repair, fridge repair sydney, fridge not cooling) and ranked by how often they appear. Directory sites (Yelp, Yellow Pages, Oneflare, Airtasker, Facebook) are excluded.
B18: Authority Score is the "Domain AS" column of the Semrush SERP table. Keywords and traffic come from each domain's Organic Research (AU). Competitor keyword totals for "Organic keywords" 1.7K / 1.5K etc. are rounded by Semrush.
B19: Key takeaway: the Sydney competitors have low authority (AS 10-17) and small keyword counts. Most win with a single page per topic and local pages, not with big sites. This is why a KD 0-20 plan is realistic.

Sheet Competitor Gaps
A1: Competitor | B1: Competitor page | C1: Keyword it ranks for | D1: Position | E1: Volume | F1: KD % | G1: Intent | H1: Your matching page | I1: Your status
A2: fastfridgerepairs.com.au | B2: /fridge-repairs-parramatta/ | C2: fridge repairs parramatta | D2: 2 | E2: 140 | F2: 5 | G2: Commercial | H2: HOME (+ AREAS hub) | I2: Homepage only - no dedicated local page
A3: fastfridgerepairs.com.au | B3: /fridge-repairs-penrith/ | C3: fridge repairs penrith | D3: 1 | E3: 140 | F3: 7 | G3: Commercial | H3: EXP-WSYD (conditional) | I3: No page - outside listed suburbs
A4: fastfridgerepairs.com.au | B4: /fridge-repairs-castle-hill/ | C4: fridge repairs castle hill | D4: 3 | E4: 70 | F4: 4 | G4: Commercial | H4: LOC-HILLS | I4: No page
A5: fastfridgerepairs.com.au | B5: /fridge-gas-refill-sydney-guide/ | C5: regas freezer | D5: 2 | E5: 170 | F5: 6 | G5: Informational | H5: REGAS | I5: Page exists - needs freezer regas section
A6: fastfridgerepairs.com.au | B6: /fridge-gas-refill-sydney-guide/ | C6: regas fridge | D6: 2 | E6: 110 | F6: 6 | G6: Informational | H6: REGAS | I6: Page exists - optimise
A7: fastfridgerepairs.com.au | B7: /commercial-coolroom-repairs-sydney/ | C7: coolroom repairs sydney | D7: 8 | E7: 90 | F7: 8 | G7: Commercial | H7: COOLROOM | I7: No page
A8: fastfridgerepairs.com.au | B8: /hisense-fridge-repairs-sydney/ | C8: hisense fridge repair | D8: 8 | E8: 90 | F8: 9 | G8: Informational | H8: BR-HISENSE | I8: No page
A9: sydneyfridgerepair.com.au | B9: / | C9: fridge repair near me | D9: 1 | E9: 3600 | F9: 38 | G9: Transactional | H9: HOME | I9: KD 38 - long-term target (not in KD 0-20 list)
A10: sydneyfridgerepair.com.au | B10: / | C10: refrigerator mechanic near me | D10: 5 | E10: 480 | F10: 8 | G10: Transactional | H10: HOME | I10: Optimise - add "mechanic/technician" wording
A11: sydneyfridgerepair.com.au | B11: / | C11: fridge technician near me | D11: 1 | E11: 320 | F11: 16 | G11: Transactional | H11: HOME | I11: Optimise
A12: sydneyfridgerepair.com.au | B12: /brands/lg-fridge-repair/ | C12: lg fridge repair | D12: 36 | E12: 1000 | F12: 16 | G12: Navigational | H12: BR-LG | I12: No page - competitor only pos 36, easy to beat
A13: fridgerepairs.com.au | B13: / | C13: freezer repair | D13: 1 | E13: 480 | F13: 7 | G13: Commercial | H13: FREEZER | I13: No page
... A28: thefridgeguy.com.au | B28: / | C28: refrigerator compressor repair | D28: 5 | E28: 260 | F28: 11 | G28: Informational | H28: COMPRESSOR | I28: No page
A30: Source: Semrush Organic Research (AU) per competitor domain, positions as of Oct 2026. Only keywords with KD <= 20 shown except where marked.

Sheet Site Audit
A1: Item | B1: What we found on the live site | C1: Status | D1: Recommendation
A2: Live pages (from homepage navigation) | B2: /, /services, /fridge-not-cooling-repair, /fridge-regas, /brands, /about, /blog, /contact, /fridge-repair-cost, /emergency-fridge-repair + 3 blog posts | C2: Existing | D2: Optimise these 9 - do not recreate them. Page IDs HOME, SERV-HUB, NOTCOOL, REGAS, COST, EMERG, BRANDS, B-NOTCOOL, B-SUMMER.
A3: Services covered only as anchors | B3: Commercial, coolroom, freezer, compressor, bar/wine, ice machine, display fridge exist only as sections on /services (#commercial, #by-fault, #by-type) | C3: Gap | D3: Create 8 new service/commercial pages (FREEZER, COMM-FRIDGE, COMM-FREEZER, COOLROOM, ICE, SEAL, COMPRESSOR, BAR-WINE). This is the biggest single opportunity.
A4: Brand pages | B4: /brands page lists ~50 brands but no individual brand pages found in the navigation | C4: Gap | D4: Create 8 brand pages for brands with measured demand: Samsung, LG, Westinghouse, Fisher & Paykel, Electrolux, Haier, Hisense, Miele.
A5: Suburb pages | B5: 30 suburbs listed on homepage (#suburbs anchor); no suburb pages linked | C5: Gap | D5: Create an /areas hub + 2 regional pages with real demand (Blacktown, Hills District). Do not build 30 thin pages.
A6: Phone number | B6: No phone number on homepage; only email and "Book Online 24/7" form | C6: Fix now | D6: Add visible phone number + tel: link in header/footer. Local transactional searches ("near me", emergency) convert by phone.
A7: Address / NAP | B7: Only "Parramatta, Sydney, NSW" - no street address | C7: Check | D7: Ensure NAP matches Google Business Profile. Use service-area business settings if there is no shopfront.
A8: URL structure | B8: Live URLs are flat (/fridge-regas, /fridge-not-cooling-repair, /fridge-repair-cost). Blog posts use /blog-xxx pattern. Your old plan used /services/..., /blog/... for these. | C8: Decision | D8: Keep live URLs unchanged for existing pages (no redirect risk). New pages: use folder URLs shown in Page Plan. Do not create duplicates of live pages.
A9: Internal linking | B9: Navigation links Residential/Commercial/Freezer to /services# anchors | C9: Fix | D9: Once new pages exist, point nav items to real URLs, and link every new page from /services and the homepage.
A10: Tools / widgets | B10: Symptom checker, repair-vs-replace checker, quote estimator, dispatch status | C10: Good | D10: Keep - they help conversion. Make sure the content around them is crawlable text.
A11: Organic visibility (Semrush AU) | B11: 9 organic keywords, ~0 traffic, 0 backlinks, 0 referring domains, no Authority Score | C11: Baseline | D11: Brand-new domain: expect rankings to start on KD < 10 keywords first. Citations + Google reviews matter as much as content.
A12: Competitor authority | B12: Sydney competitors have Authority Score 10-17 | C12: Opportunity | D12: The gap is mainly content and local signals, not domain strength.
A14: Live-site findings come from the homepage content and navigation (fetched 16 Oct 2026); individual inner pages were not crawled one by one.

Sheet Old Plan Review
A1: Group in your 8-week file | B1: Old plan pages | C1: What Semrush data shows | D1: Verdict
A2: Core + hub pages (HOME, EMERG, COST, SVC-HUB, BRAND-HUB, AREA-HUB) | B2: 6 | C2: Cost (8 kws), emergency (6 kws) and home have real demand. | D2: KEEP - but EMERG, COST, services and brands hubs already exist live. Treat as "optimise existing", not "new". AREA-HUB is genuinely new.
A3: Core money services (not cooling, regas, compressor, seal, freezer) | B3: 5 | C3: Seal cluster 23 kws / 1,300 top vol; freezer 10 kws; regas 12 kws; compressor 1 kw; not-cooling service has weak commercial terms (informational goes to blog). | D3: KEEP. NOTCOOL and REGAS exist live (flat URLs) - optimise. SEAL, FREEZER, COMPRESSOR = new. Seal is the biggest un-served cluster.
A4: Commercial hub, coolroom, ice machine, display | B4: 4 | C4: Commercial refrigeration 26 kws, commercial freezer 6, coolroom 15, ice machine 12. Display fridge only 50 vol. | D4: KEEP and expand: split into COMM-FRIDGE, COMM-FREEZER, COOLROOM, ICE. MERGE display fridge into COMM-FRIDGE.
A5: Brand pages (18 brands) | B5: 18 | C5: Strong volume for Samsung, LG, Westinghouse, Fisher & Paykel, Electrolux, Haier, Hisense, Miele. Kelvinator and Bosch queries returned no measurable repair volume; other small brands (Smeg, Beko, Sub-Zero, Whirlpool, Liebherr, Mitsubishi, Panasonic) were not individually queried and did not appear in KD 0-20 results. | D5: TRIM to 8 brand pages; cover the rest as sections on /brands. Many Miele/Bosch/Electrolux/LG searches are washers/dishwashers - only fridge terms are counted here.
A6: Suburb pages (20) | B6: 20 | C6: Only Parramatta (140), Blacktown (110), Castle Hill (70), Baulkham Hills (70), Hills District (260, appliance) showed volume. Small suburbs (Rosehill, Harris Park, Mays Hill...) were not individually queried and did not appear in suburb-phrase searches. | D6: REPLACE with /areas hub + LOC-BLACKTOWN + LOC-HILLS. Treat small suburbs as optional short pages after the main pages rank.
A7: Fridge-type pages (side-by-side, French door, bar, wine, integrated, camping) | B7: 6 | C7: Bar + wine + mini fridge = 4 small keywords (50-70 each). Others did not appear in KD 0-20 results. | D7: KEEP bar + wine as one page (BAR-WINE). DROP the other four for now; mention types as sections on service pages.
A8: Fault / specialist services (thermostat, fan motor, defrost, leaking, noisy, ice maker, maintenance) | B8: 7 | C8: Leaking water (9 kws), noise (4), freezer not freezing (2) have demand as informational searches; thermostat/fan/defrost/ice-maker-fridge not individually queried and did not appear. | D8: MERGE into blog posts (B-LEAK, B-NOISE, B-FREEZER) instead of separate service pages.
A9: Regional hubs (Hills, Cumberland, Auburn, Ryde) | B9: 4 | C9: Hills District has volume (260). Others not measured. | D9: KEEP Hills as LOC-HILLS; fold others into /areas hub.
A10: Installation + insurance pages | B10: 2 | C10: Not measured. | D10: DROP for now.
A11: Blog posts (error codes, how-to, etc.) | B11: 16 | C11: Only fridge-not-cooling (11 kws), leaking water (9), maintenance (1), noise (4), freezer not freezing (2) have measured demand. | D11: KEEP the 5 above; deprioritise error-code and how-to-move posts until core pages are live.
A12: Technical + GBP + citations + KPI tabs | C12: Not keyword-related. | D12: KEEP as is - this file does not replace them. Use the new Page Plan as the content calendar.
A13: Total pages in old plan (pages column) | B13: =SUM(B2:B12) -> 88 | C13: Old file states 88 pages. | D13: New plan: see Summary.
